{
  "n": 50,
  "means": {
    "embeddings_cosine": 0.4201407869309186,
    "crossencoder_sts": 0.3689325680322946,
    "nli_entailment_overall": 0.1277556939147204,
    "nli_contradiction_overall": 0.15141599999999994
  },
  "counts": {
    "embeddings_cosine": 50,
    "crossencoder_sts": 50,
    "nli_entailment_overall": 50,
    "nli_contradiction_overall": 50
  },
  "core_beliefs_fine": {
    "n": 50,
    "micro": {
      "precision": 0.3656716417910448,
      "recall": 0.23333333333333334,
      "f1": 0.28488372093023256
    },
    "macro": {
      "f1": 0.1371737961387515
    },
    "subset_accuracy": 0.0,
    "jaccard_mean": 0.179547619047619,
    "unknown_pred_total": 0,
    "label_space_size": 19,
    "per_label": {
      "I am a failure, loser": {
        "precision": 0.0,
        "recall": 0.0,
        "f1": 0.0,
        "support": 12
      },
      "I am a victim": {
        "precision": 0.0,
        "recall": 0.0,
        "f1": 0.0,
        "support": 4
      },
      "I am bad - dangerous, toxic, evil": {
        "precision": 0.0,
        "recall": 0.0,
        "f1": 0.0,
        "support": 1
      },
      "I am bound to be abandoned": {
        "precision": 0.25,
        "recall": 0.07142857142857142,
        "f1": 0.11111111111111112,
        "support": 14
      },
      "I am bound to be alone": {
        "precision": 0.4,
        "recall": 0.14285714285714285,
        "f1": 0.21052631578947364,
        "support": 14
      },
      "I am bound to be rejected": {
        "precision": 0.2702702702702703,
        "recall": 0.9090909090909091,
        "f1": 0.4166666666666667,
        "support": 11
      },
      "I am defective": {
        "precision": 0.0,
        "recall": 0.0,
        "f1": 0.0,
        "support": 5
      },
      "I am helpless": {
        "precision": 1.0,
        "recall": 0.13636363636363635,
        "f1": 0.24000000000000002,
        "support": 22
      },
      "I am immoral": {
        "precision": 0.0,
        "recall": 0.0,
        "f1": 0.0,
        "support": 1
      },
      "I am incompetent": {
        "precision": 0.75,
        "recall": 0.5294117647058824,
        "f1": 0.6206896551724139,
        "support": 17
      },
      "I am needy": {
        "precision": 0.0,
        "recall": 0.0,
        "f1": 0.0,
        "support": 5
      },
      "I am out of control": {
        "precision": 0.0,
        "recall": 0.0,
        "f1": 0.0,
        "support": 16
      },
      "I am powerless, weak, vulnerable": {
        "precision": 0.41304347826086957,
        "recall": 0.8636363636363636,
        "f1": 0.5588235294117647,
        "support": 22
      },
      "I am trapped": {
        "precision": 0.21428571428571427,
        "recall": 0.15789473684210525,
        "f1": 0.18181818181818182,
        "support": 19
      },
      "I am unattractive": {
        "precision": 0.0,
        "recall": 0.0,
        "f1": 0.0,
        "support": 0
      },
      "I am undesirable, unwanted": {
        "precision": 0.0,
        "recall": 0.0,
        "f1": 0.0,
        "support": 13
      },
      "I am unlovable": {
        "precision": 0.0,
        "recall": 0.0,
        "f1": 0.0,
        "support": 28
      },
      "I am worthless, waste": {
        "precision": 0.2222222222222222,
        "recall": 0.3333333333333333,
        "f1": 0.26666666666666666,
        "support": 6
      },
      "I don't deserve to live": {
        "precision": 0.0,
        "recall": 0.0,
        "f1": 0.0,
        "support": 0
      }
    }
  },
  "core_beliefs_major": {
    "n": 50,
    "micro": {
      "precision": 0.7352941176470589,
      "recall": 0.8928571428571429,
      "f1": 0.806451612903226
    },
    "subset_accuracy": 0.52,
    "jaccard_mean": 0.7166666666666667,
    "label_space_size": 3
  },
  "resume": {
    "total": 50
  }
}