{
  "n": 50,
  "means": {
    "embeddings_cosine": 0.41904641009867194,
    "crossencoder_sts": 0.37516577539593,
    "nli_entailment_overall": 0.12273184322842189,
    "nli_contradiction_overall": 0.15964799999999996
  },
  "counts": {
    "embeddings_cosine": 50,
    "crossencoder_sts": 50,
    "nli_entailment_overall": 50,
    "nli_contradiction_overall": 50
  },
  "core_beliefs_fine": {
    "n": 50,
    "micro": {
      "precision": 0.4552238805970149,
      "recall": 0.2904761904761905,
      "f1": 0.3546511627906977
    },
    "macro": {
      "f1": 0.19611086761544505
    },
    "subset_accuracy": 0.0,
    "jaccard_mean": 0.2314761904761905,
    "unknown_pred_total": 0,
    "label_space_size": 19,
    "per_label": {
      "I am a failure, loser": {
        "precision": 0.8333333333333334,
        "recall": 0.4166666666666667,
        "f1": 0.5555555555555556,
        "support": 12
      },
      "I am a victim": {
        "precision": 0.0,
        "recall": 0.0,
        "f1": 0.0,
        "support": 4
      },
      "I am bad - dangerous, toxic, evil": {
        "precision": 0.0,
        "recall": 0.0,
        "f1": 0.0,
        "support": 1
      },
      "I am bound to be abandoned": {
        "precision": 0.25,
        "recall": 0.07142857142857142,
        "f1": 0.11111111111111112,
        "support": 14
      },
      "I am bound to be alone": {
        "precision": 0.7142857142857143,
        "recall": 0.35714285714285715,
        "f1": 0.4761904761904762,
        "support": 14
      },
      "I am bound to be rejected": {
        "precision": 0.2222222222222222,
        "recall": 0.7272727272727273,
        "f1": 0.3404255319148936,
        "support": 11
      },
      "I am defective": {
        "precision": 0.0,
        "recall": 0.0,
        "f1": 0.0,
        "support": 5
      },
      "I am helpless": {
        "precision": 1.0,
        "recall": 0.09090909090909091,
        "f1": 0.16666666666666669,
        "support": 22
      },
      "I am immoral": {
        "precision": 0.0,
        "recall": 0.0,
        "f1": 0.0,
        "support": 1
      },
      "I am incompetent": {
        "precision": 0.7857142857142857,
        "recall": 0.6470588235294118,
        "f1": 0.7096774193548386,
        "support": 17
      },
      "I am needy": {
        "precision": 0.0,
        "recall": 0.0,
        "f1": 0.0,
        "support": 5
      },
      "I am out of control": {
        "precision": 0.0,
        "recall": 0.0,
        "f1": 0.0,
        "support": 16
      },
      "I am powerless, weak, vulnerable": {
        "precision": 0.46153846153846156,
        "recall": 0.8181818181818182,
        "f1": 0.5901639344262295,
        "support": 22
      },
      "I am trapped": {
        "precision": 0.5263157894736842,
        "recall": 0.5263157894736842,
        "f1": 0.5263157894736842,
        "support": 19
      },
      "I am unattractive": {
        "precision": 0.0,
        "recall": 0.0,
        "f1": 0.0,
        "support": 0
      },
      "I am undesirable, unwanted": {
        "precision": 0.0,
        "recall": 0.0,
        "f1": 0.0,
        "support": 13
      },
      "I am unlovable": {
        "precision": 0.0,
        "recall": 0.0,
        "f1": 0.0,
        "support": 28
      },
      "I am worthless, waste": {
        "precision": 0.5,
        "recall": 0.16666666666666666,
        "f1": 0.25,
        "support": 6
      },
      "I don't deserve to live": {
        "precision": 0.0,
        "recall": 0.0,
        "f1": 0.0,
        "support": 0
      }
    }
  },
  "core_beliefs_major": {
    "n": 50,
    "micro": {
      "precision": 0.776595744680851,
      "recall": 0.8690476190476191,
      "f1": 0.8202247191011236
    },
    "subset_accuracy": 0.6,
    "jaccard_mean": 0.7366666666666667,
    "label_space_size": 3
  },
  "resume": {
    "total": 50
  }
}