{
  "n": 49,
  "means": {
    "embeddings_cosine": 0.4396519057300626,
    "crossencoder_sts": 0.3726554329602086,
    "nli_entailment_overall": 0.0881051687280629,
    "nli_contradiction_overall": 0.09154693877551019
  },
  "counts": {
    "embeddings_cosine": 49,
    "crossencoder_sts": 49,
    "nli_entailment_overall": 49,
    "nli_contradiction_overall": 49
  },
  "core_beliefs_fine": {
    "n": 49,
    "micro": {
      "precision": 0.3466666666666667,
      "recall": 0.49760765550239233,
      "f1": 0.4086444007858547
    },
    "macro": {
      "f1": 0.1961430139851534
    },
    "subset_accuracy": 0.0,
    "jaccard_mean": 0.26412006360985957,
    "unknown_pred_total": 0,
    "label_space_size": 19,
    "per_label": {
      "I am a failure, loser": {
        "precision": 0.0,
        "recall": 0.0,
        "f1": 0.0,
        "support": 12
      },
      "I am a victim": {
        "precision": 0.0,
        "recall": 0.0,
        "f1": 0.0,
        "support": 4
      },
      "I am bad - dangerous, toxic, evil": {
        "precision": 0.0,
        "recall": 0.0,
        "f1": 0.0,
        "support": 1
      },
      "I am bound to be abandoned": {
        "precision": 0.3333333333333333,
        "recall": 0.5,
        "f1": 0.4,
        "support": 12
      },
      "I am bound to be alone": {
        "precision": 0.0,
        "recall": 0.0,
        "f1": 0.0,
        "support": 12
      },
      "I am bound to be rejected": {
        "precision": 0.08333333333333333,
        "recall": 0.09090909090909091,
        "f1": 0.08695652173913043,
        "support": 11
      },
      "I am defective": {
        "precision": 0.061224489795918366,
        "recall": 1.0,
        "f1": 0.11538461538461538,
        "support": 3
      },
      "I am helpless": {
        "precision": 0.46938775510204084,
        "recall": 1.0,
        "f1": 0.6388888888888888,
        "support": 23
      },
      "I am immoral": {
        "precision": 0.0,
        "recall": 0.0,
        "f1": 0.0,
        "support": 2
      },
      "I am incompetent": {
        "precision": 1.0,
        "recall": 0.05,
        "f1": 0.09523809523809523,
        "support": 20
      },
      "I am needy": {
        "precision": 0.0,
        "recall": 0.0,
        "f1": 0.0,
        "support": 4
      },
      "I am out of control": {
        "precision": 0.32653061224489793,
        "recall": 1.0,
        "f1": 0.4923076923076923,
        "support": 16
      },
      "I am powerless, weak, vulnerable": {
        "precision": 0.46938775510204084,
        "recall": 1.0,
        "f1": 0.6388888888888888,
        "support": 23
      },
      "I am trapped": {
        "precision": 0.3673469387755102,
        "recall": 1.0,
        "f1": 0.5373134328358209,
        "support": 18
      },
      "I am unattractive": {
        "precision": 0.0,
        "recall": 0.0,
        "f1": 0.0,
        "support": 0
      },
      "I am undesirable, unwanted": {
        "precision": 0.0,
        "recall": 0.0,
        "f1": 0.0,
        "support": 13
      },
      "I am unlovable": {
        "precision": 0.6666666666666666,
        "recall": 0.42857142857142855,
        "f1": 0.5217391304347826,
        "support": 28
      },
      "I am worthless, waste": {
        "precision": 0.3333333333333333,
        "recall": 0.14285714285714285,
        "f1": 0.2,
        "support": 7
      },
      "I don't deserve to live": {
        "precision": 0.0,
        "recall": 0.0,
        "f1": 0.0,
        "support": 0
      }
    }
  },
  "core_beliefs_major": {
    "n": 49,
    "micro": {
      "precision": 0.8428571428571429,
      "recall": 0.7023809523809523,
      "f1": 0.7662337662337663
    },
    "subset_accuracy": 0.42857142857142855,
    "jaccard_mean": 0.6768707482993198,
    "label_space_size": 3
  },
  "resume": {
    "existing": 3,
    "new": 46,
    "total": 49
  }
}