{
  "n": 50,
  "means": {
    "embeddings_cosine": 0.5228407057225705,
    "crossencoder_sts": 0.4442179485559463,
    "nli_entailment_overall": 0.1343173569262795,
    "nli_contradiction_overall": 0.06999199999999997
  },
  "counts": {
    "embeddings_cosine": 50,
    "crossencoder_sts": 50,
    "nli_entailment_overall": 50,
    "nli_contradiction_overall": 50
  },
  "core_beliefs_fine": {
    "n": 50,
    "micro": {
      "precision": 0.3701657458563536,
      "recall": 0.638095238095238,
      "f1": 0.46853146853146854
    },
    "macro": {
      "f1": 0.2856525944009019
    },
    "subset_accuracy": 0.0,
    "jaccard_mean": 0.3169343434343434,
    "unknown_pred_total": 0,
    "label_space_size": 17,
    "per_label": {
      "I am a failure, loser": {
        "precision": 0.1111111111111111,
        "recall": 0.08333333333333333,
        "f1": 0.09523809523809523,
        "support": 12
      },
      "I am a victim": {
        "precision": 0.0,
        "recall": 0.0,
        "f1": 0.0,
        "support": 4
      },
      "I am bad - dangerous, toxic, evil": {
        "precision": 0.0,
        "recall": 0.0,
        "f1": 0.0,
        "support": 1
      },
      "I am bound to be abandoned": {
        "precision": 0.35135135135135137,
        "recall": 0.9285714285714286,
        "f1": 0.5098039215686274,
        "support": 14
      },
      "I am bound to be alone": {
        "precision": 0.0,
        "recall": 0.0,
        "f1": 0.0,
        "support": 14
      },
      "I am bound to be rejected": {
        "precision": 0.23076923076923078,
        "recall": 0.2727272727272727,
        "f1": 0.25,
        "support": 11
      },
      "I am defective": {
        "precision": 0.1,
        "recall": 1.0,
        "f1": 0.18181818181818182,
        "support": 5
      },
      "I am helpless": {
        "precision": 0.44,
        "recall": 1.0,
        "f1": 0.6111111111111112,
        "support": 22
      },
      "I am immoral": {
        "precision": 0.0,
        "recall": 0.0,
        "f1": 0.0,
        "support": 1
      },
      "I am incompetent": {
        "precision": 0.5454545454545454,
        "recall": 0.35294117647058826,
        "f1": 0.42857142857142855,
        "support": 17
      },
      "I am needy": {
        "precision": 0.0,
        "recall": 0.0,
        "f1": 0.0,
        "support": 5
      },
      "I am out of control": {
        "precision": 0.32,
        "recall": 1.0,
        "f1": 0.48484848484848486,
        "support": 16
      },
      "I am powerless, weak, vulnerable": {
        "precision": 0.44,
        "recall": 1.0,
        "f1": 0.6111111111111112,
        "support": 22
      },
      "I am trapped": {
        "precision": 0.38,
        "recall": 1.0,
        "f1": 0.5507246376811594,
        "support": 19
      },
      "I am undesirable, unwanted": {
        "precision": 0.0,
        "recall": 0.0,
        "f1": 0.0,
        "support": 13
      },
      "I am unlovable": {
        "precision": 0.6756756756756757,
        "recall": 0.8928571428571429,
        "f1": 0.7692307692307693,
        "support": 28
      },
      "I am worthless, waste": {
        "precision": 0.4,
        "recall": 0.3333333333333333,
        "f1": 0.36363636363636365,
        "support": 6
      }
    }
  },
  "core_beliefs_major": {
    "n": 50,
    "micro": {
      "precision": 0.8152173913043478,
      "recall": 0.8928571428571429,
      "f1": 0.8522727272727273
    },
    "subset_accuracy": 0.54,
    "jaccard_mean": 0.77,
    "label_space_size": 3
  },
  "resume": {
    "existing": 0,
    "new": 50,
    "total": 50
  }
}