{
  "n": 48,
  "means": {
    "embeddings_cosine": 0.37968873081651205,
    "crossencoder_sts": 0.29066306948079723,
    "nli_entailment_overall": 0.1010922506595008,
    "nli_contradiction_overall": 0.1520166666666667
  },
  "counts": {
    "embeddings_cosine": 48,
    "crossencoder_sts": 48,
    "nli_entailment_overall": 48,
    "nli_contradiction_overall": 48
  },
  "core_beliefs_fine": {
    "n": 48,
    "micro": {
      "precision": 0.44660194174757284,
      "recall": 0.23,
      "f1": 0.30363036303630364
    },
    "macro": {
      "f1": 0.20300908475781138
    },
    "subset_accuracy": 0.0,
    "jaccard_mean": 0.18659887566137565,
    "unknown_pred_total": 43,
    "label_space_size": 19,
    "per_label": {
      "I am a failure, loser": {
        "precision": 0.7777777777777778,
        "recall": 0.5833333333333334,
        "f1": 0.6666666666666666,
        "support": 12
      },
      "I am a victim": {
        "precision": 0.0,
        "recall": 0.0,
        "f1": 0.0,
        "support": 4
      },
      "I am bad - dangerous, toxic, evil": {
        "precision": 0.2,
        "recall": 1.0,
        "f1": 0.33333333333333337,
        "support": 1
      },
      "I am bound to be abandoned": {
        "precision": 0.5,
        "recall": 0.07142857142857142,
        "f1": 0.125,
        "support": 14
      },
      "I am bound to be alone": {
        "precision": 0.5,
        "recall": 0.14285714285714285,
        "f1": 0.22222222222222224,
        "support": 14
      },
      "I am bound to be rejected": {
        "precision": 0.2,
        "recall": 0.1,
        "f1": 0.13333333333333333,
        "support": 10
      },
      "I am defective": {
        "precision": 0.0,
        "recall": 0.0,
        "f1": 0.0,
        "support": 4
      },
      "I am helpless": {
        "precision": 0.0,
        "recall": 0.0,
        "f1": 0.0,
        "support": 21
      },
      "I am immoral": {
        "precision": 0.0,
        "recall": 0.0,
        "f1": 0.0,
        "support": 1
      },
      "I am incompetent": {
        "precision": 0.7857142857142857,
        "recall": 0.6470588235294118,
        "f1": 0.7096774193548386,
        "support": 17
      },
      "I am needy": {
        "precision": 0.0,
        "recall": 0.0,
        "f1": 0.0,
        "support": 5
      },
      "I am out of control": {
        "precision": 1.0,
        "recall": 0.06666666666666667,
        "f1": 0.125,
        "support": 15
      },
      "I am powerless, weak, vulnerable": {
        "precision": 0.5294117647058824,
        "recall": 0.45,
        "f1": 0.48648648648648646,
        "support": 20
      },
      "I am trapped": {
        "precision": 0.5454545454545454,
        "recall": 0.35294117647058826,
        "f1": 0.42857142857142855,
        "support": 17
      },
      "I am unattractive": {
        "precision": 0.0,
        "recall": 0.0,
        "f1": 0.0,
        "support": 0
      },
      "I am undesirable, unwanted": {
        "precision": 0.18181818181818182,
        "recall": 0.15384615384615385,
        "f1": 0.16666666666666669,
        "support": 13
      },
      "I am unlovable": {
        "precision": 0.6,
        "recall": 0.11538461538461539,
        "f1": 0.1935483870967742,
        "support": 26
      },
      "I am worthless, waste": {
        "precision": 0.2222222222222222,
        "recall": 0.3333333333333333,
        "f1": 0.26666666666666666,
        "support": 6
      },
      "I don't deserve to live": {
        "precision": 0.0,
        "recall": 0.0,
        "f1": 0.0,
        "support": 0
      }
    }
  },
  "core_beliefs_major": {
    "n": 48,
    "micro": {
      "precision": 0.6694915254237288,
      "recall": 0.9875,
      "f1": 0.797979797979798
    },
    "subset_accuracy": 0.3541666666666667,
    "jaccard_mean": 0.6944444444444445,
    "label_space_size": 3
  },
  "mapping": {
    "patient_id_to_source_id": "id + '-2'"
  },
  "resume": {
    "total": 48
  }
}