{
  "n": 49,
  "means": {
    "embeddings_cosine": 0.5216791290105607,
    "crossencoder_sts": 0.4603463792983366,
    "nli_entailment_overall": 0.14471386132981268,
    "nli_contradiction_overall": 0.06012653061224489
  },
  "counts": {
    "embeddings_cosine": 49,
    "crossencoder_sts": 49,
    "nli_entailment_overall": 49,
    "nli_contradiction_overall": 49
  },
  "core_beliefs_fine": {
    "n": 49,
    "micro": {
      "precision": 0.3804034582132565,
      "recall": 0.631578947368421,
      "f1": 0.4748201438848921
    },
    "macro": {
      "f1": 0.28509817567008006
    },
    "subset_accuracy": 0.0,
    "jaccard_mean": 0.31929278204788414,
    "unknown_pred_total": 0,
    "label_space_size": 17,
    "per_label": {
      "I am a failure, loser": {
        "precision": 0.14285714285714285,
        "recall": 0.08333333333333333,
        "f1": 0.10526315789473684,
        "support": 12
      },
      "I am a victim": {
        "precision": 0.0,
        "recall": 0.0,
        "f1": 0.0,
        "support": 4
      },
      "I am bad - dangerous, toxic, evil": {
        "precision": 0.0,
        "recall": 0.0,
        "f1": 0.0,
        "support": 1
      },
      "I am bound to be abandoned": {
        "precision": 0.34285714285714286,
        "recall": 1.0,
        "f1": 0.5106382978723404,
        "support": 12
      },
      "I am bound to be alone": {
        "precision": 0.0,
        "recall": 0.0,
        "f1": 0.0,
        "support": 12
      },
      "I am bound to be rejected": {
        "precision": 0.625,
        "recall": 0.45454545454545453,
        "f1": 0.5263157894736842,
        "support": 11
      },
      "I am defective": {
        "precision": 0.061224489795918366,
        "recall": 1.0,
        "f1": 0.11538461538461539,
        "support": 3
      },
      "I am helpless": {
        "precision": 0.46938775510204084,
        "recall": 1.0,
        "f1": 0.6388888888888888,
        "support": 23
      },
      "I am immoral": {
        "precision": 0.0,
        "recall": 0.0,
        "f1": 0.0,
        "support": 2
      },
      "I am incompetent": {
        "precision": 0.7142857142857143,
        "recall": 0.25,
        "f1": 0.37037037037037035,
        "support": 20
      },
      "I am needy": {
        "precision": 0.0,
        "recall": 0.0,
        "f1": 0.0,
        "support": 4
      },
      "I am out of control": {
        "precision": 0.32653061224489793,
        "recall": 1.0,
        "f1": 0.49230769230769234,
        "support": 16
      },
      "I am powerless, weak, vulnerable": {
        "precision": 0.46938775510204084,
        "recall": 1.0,
        "f1": 0.6388888888888888,
        "support": 23
      },
      "I am trapped": {
        "precision": 0.3673469387755102,
        "recall": 1.0,
        "f1": 0.5373134328358209,
        "support": 18
      },
      "I am undesirable, unwanted": {
        "precision": 0.0,
        "recall": 0.0,
        "f1": 0.0,
        "support": 13
      },
      "I am unlovable": {
        "precision": 0.7142857142857143,
        "recall": 0.8928571428571429,
        "f1": 0.7936507936507936,
        "support": 28
      },
      "I am worthless, waste": {
        "precision": 0.1,
        "recall": 0.14285714285714285,
        "f1": 0.11764705882352941,
        "support": 7
      }
    }
  },
  "core_beliefs_major": {
    "n": 49,
    "micro": {
      "precision": 0.776595744680851,
      "recall": 0.8690476190476191,
      "f1": 0.8202247191011236
    },
    "subset_accuracy": 0.46938775510204084,
    "jaccard_mean": 0.7346938775510206,
    "label_space_size": 3
  },
  "resume": {
    "existing": 0,
    "new": 49,
    "total": 49
  }
}