{
  "n": 49,
  "means": {
    "embeddings_cosine": 0.5220861863725039,
    "crossencoder_sts": 0.4647048778679907,
    "nli_entailment_overall": 0.147990672806709,
    "nli_contradiction_overall": 0.07239591836734693
  },
  "counts": {
    "embeddings_cosine": 49,
    "crossencoder_sts": 49,
    "nli_entailment_overall": 49,
    "nli_contradiction_overall": 49
  },
  "core_beliefs_fine": {
    "n": 49,
    "micro": {
      "precision": 0.36335403726708076,
      "recall": 0.5598086124401914,
      "f1": 0.44067796610169496
    },
    "macro": {
      "f1": 0.2233742118219438
    },
    "subset_accuracy": 0.0,
    "jaccard_mean": 0.29317887328091413,
    "unknown_pred_total": 0,
    "label_space_size": 19,
    "per_label": {
      "I am a failure, loser": {
        "precision": 0.0,
        "recall": 0.0,
        "f1": 0.0,
        "support": 12
      },
      "I am a victim": {
        "precision": 0.0,
        "recall": 0.0,
        "f1": 0.0,
        "support": 4
      },
      "I am bad - dangerous, toxic, evil": {
        "precision": 0.0,
        "recall": 0.0,
        "f1": 0.0,
        "support": 1
      },
      "I am bound to be abandoned": {
        "precision": 0.375,
        "recall": 0.75,
        "f1": 0.5,
        "support": 12
      },
      "I am bound to be alone": {
        "precision": 0.0,
        "recall": 0.0,
        "f1": 0.0,
        "support": 12
      },
      "I am bound to be rejected": {
        "precision": 0.125,
        "recall": 0.09090909090909091,
        "f1": 0.10526315789473685,
        "support": 11
      },
      "I am defective": {
        "precision": 0.061224489795918366,
        "recall": 1.0,
        "f1": 0.11538461538461538,
        "support": 3
      },
      "I am helpless": {
        "precision": 0.46938775510204084,
        "recall": 1.0,
        "f1": 0.6388888888888888,
        "support": 23
      },
      "I am immoral": {
        "precision": 0.0,
        "recall": 0.0,
        "f1": 0.0,
        "support": 2
      },
      "I am incompetent": {
        "precision": 0.75,
        "recall": 0.15,
        "f1": 0.24999999999999997,
        "support": 20
      },
      "I am needy": {
        "precision": 0.0,
        "recall": 0.0,
        "f1": 0.0,
        "support": 4
      },
      "I am out of control": {
        "precision": 0.32653061224489793,
        "recall": 1.0,
        "f1": 0.4923076923076923,
        "support": 16
      },
      "I am powerless, weak, vulnerable": {
        "precision": 0.46938775510204084,
        "recall": 1.0,
        "f1": 0.6388888888888888,
        "support": 23
      },
      "I am trapped": {
        "precision": 0.3673469387755102,
        "recall": 1.0,
        "f1": 0.5373134328358209,
        "support": 18
      },
      "I am unattractive": {
        "precision": 0.0,
        "recall": 0.0,
        "f1": 0.0,
        "support": 0
      },
      "I am undesirable, unwanted": {
        "precision": 0.0,
        "recall": 0.0,
        "f1": 0.0,
        "support": 13
      },
      "I am unlovable": {
        "precision": 0.7916666666666666,
        "recall": 0.6785714285714286,
        "f1": 0.7307692307692307,
        "support": 28
      },
      "I am worthless, waste": {
        "precision": 0.2,
        "recall": 0.2857142857142857,
        "f1": 0.23529411764705882,
        "support": 7
      },
      "I don't deserve to live": {
        "precision": 0.0,
        "recall": 0.0,
        "f1": 0.0,
        "support": 0
      }
    }
  },
  "core_beliefs_major": {
    "n": 49,
    "micro": {
      "precision": 0.8072289156626506,
      "recall": 0.7976190476190477,
      "f1": 0.8023952095808383
    },
    "subset_accuracy": 0.46938775510204084,
    "jaccard_mean": 0.7176870748299322,
    "label_space_size": 3
  },
  "resume": {
    "existing": 30,
    "new": 19,
    "total": 49
  }
}