{
  "n": 50,
  "means": {
    "embeddings_cosine": 0.4987621732056142,
    "crossencoder_sts": 0.42365354105830194,
    "nli_entailment_overall": 0.145589854248493,
    "nli_contradiction_overall": 0.09521399999999997
  },
  "counts": {
    "embeddings_cosine": 50,
    "crossencoder_sts": 50,
    "nli_entailment_overall": 50,
    "nli_contradiction_overall": 50
  },
  "core_beliefs_fine": {
    "n": 50,
    "micro": {
      "precision": 0.35501355013550134,
      "recall": 0.6238095238095238,
      "f1": 0.45250431778929184
    },
    "macro": {
      "f1": 0.2356746156382716
    },
    "subset_accuracy": 0.0,
    "jaccard_mean": 0.302497113997114,
    "unknown_pred_total": 0,
    "label_space_size": 19,
    "per_label": {
      "I am a failure, loser": {
        "precision": 0.0,
        "recall": 0.0,
        "f1": 0.0,
        "support": 12
      },
      "I am a victim": {
        "precision": 0.0,
        "recall": 0.0,
        "f1": 0.0,
        "support": 4
      },
      "I am bad - dangerous, toxic, evil": {
        "precision": 0.0,
        "recall": 0.0,
        "f1": 0.0,
        "support": 1
      },
      "I am bound to be abandoned": {
        "precision": 0.325,
        "recall": 0.9285714285714286,
        "f1": 0.48148148148148157,
        "support": 14
      },
      "I am bound to be alone": {
        "precision": 0.0,
        "recall": 0.0,
        "f1": 0.0,
        "support": 14
      },
      "I am bound to be rejected": {
        "precision": 0.3,
        "recall": 0.2727272727272727,
        "f1": 0.28571428571428564,
        "support": 11
      },
      "I am defective": {
        "precision": 0.1,
        "recall": 1.0,
        "f1": 0.18181818181818182,
        "support": 5
      },
      "I am helpless": {
        "precision": 0.44,
        "recall": 1.0,
        "f1": 0.6111111111111112,
        "support": 22
      },
      "I am immoral": {
        "precision": 0.0,
        "recall": 0.0,
        "f1": 0.0,
        "support": 1
      },
      "I am incompetent": {
        "precision": 0.42857142857142855,
        "recall": 0.17647058823529413,
        "f1": 0.25,
        "support": 17
      },
      "I am needy": {
        "precision": 0.0,
        "recall": 0.0,
        "f1": 0.0,
        "support": 5
      },
      "I am out of control": {
        "precision": 0.32,
        "recall": 1.0,
        "f1": 0.48484848484848486,
        "support": 16
      },
      "I am powerless, weak, vulnerable": {
        "precision": 0.44,
        "recall": 1.0,
        "f1": 0.6111111111111112,
        "support": 22
      },
      "I am trapped": {
        "precision": 0.38,
        "recall": 1.0,
        "f1": 0.5507246376811594,
        "support": 19
      },
      "I am unattractive": {
        "precision": 0.0,
        "recall": 0.0,
        "f1": 0.0,
        "support": 0
      },
      "I am undesirable, unwanted": {
        "precision": 0.0,
        "recall": 0.0,
        "f1": 0.0,
        "support": 13
      },
      "I am unlovable": {
        "precision": 0.625,
        "recall": 0.8928571428571429,
        "f1": 0.7352941176470589,
        "support": 28
      },
      "I am worthless, waste": {
        "precision": 0.2,
        "recall": 0.5,
        "f1": 0.28571428571428575,
        "support": 6
      },
      "I don't deserve to live": {
        "precision": 0.0,
        "recall": 0.0,
        "f1": 0.0,
        "support": 0
      }
    }
  },
  "core_beliefs_major": {
    "n": 50,
    "micro": {
      "precision": 0.7238095238095238,
      "recall": 0.9047619047619048,
      "f1": 0.8042328042328042
    },
    "subset_accuracy": 0.46,
    "jaccard_mean": 0.7200000000000002,
    "label_space_size": 3
  },
  "resume": {
    "existing": 0,
    "new": 50,
    "total": 50
  }
}